Oblo,Oblić
Kocko,Kockić
Šećo,Šećić
Oblo,Oblić
Kocko,Kockić
Šećo,Šećić
Oblo,Oblić
Kocko,Kockić
Šećo,Šećić
Oblo,Oblić
Kocko,Kockić
Šećo,Šećić
Oblo,Oblić
Kocko,Kockić
Šećo,Šećić
Oblo,Oblić
Kocko,Kockić
Šećo,Šećić
Oblo,Oblić
Kocko,Kockić
Šećo,Šećić
Oblo,Oblić
Kocko,Kockić
Šećo,Šećić
Oblo,Oblić
Kocko,Kockić
Šećo,Šećić
Oblo,Oblić
Kocko,Kockić
Šećo,Šećić
Oblo,Oblić
Kocko,Kockić
Šećo,Šećić
Oblo,Oblić
Kocko,Kockić
Šećo,Šećić
Oblo,Oblić
Kocko,Kockić
Šećo,Šećić
Oblo,Oblić
Kocko,Kockić
Šećo,Šećić
